INSERT INTO student (student_id, student_name, gender, birth_date, height_cm, dorm_number)
VALUES ('01032010', '王涛', '男', '2003-04-05', 1.72, '东6舍221'),
       ('01032023', '孙文', '男', '2004-06-10', 1.80, '东6舍221'),
       ('01032001', '张晓梅', '女', '2003-11-17', 1.58, '东1舍312'),
       ('01032005', '刘静', '女', '2003-01-10', 1.63, '东1舍312'),
       ('01032112', '董喆', '男', '2003-02-20', 1.71, '东6舍221'),
       ('03031011', '王倩', '女', '2004-12-20', 1.66, '东2舍104'),
       ('03031014', '赵思扬', '男', '2002-06-06', 1.85, '东18舍421'),
       ('03031051', '周剑', '男', '2002-05-08', 1.68, '东18舍422'),
       ('03031009', '田菲', '女', '2003-08-11', 1.60, '东2舍104'),
       ('03031033', '蔡明明', '男', '2003-03-12', 1.75, '东18舍423'),
       ('03031056', '曹子衿', '女', '2005-12-15', 1.65, '东2舍305');


INSERT INTO course (course_id, course_name, period_hours, credit_points, teacher_name)
VALUES ('CS-01', '数据结构', 60, 3.0, '张军'),
       ('CS-02', '计算机组成原理', 80, 4.0, '王亚伟'),
       ('CS-04', '人工智能', 40, 2.0, '李蕾'),
       ('CS-05', '深度学习', 40, 2.0, '崔昀'),
       ('EE-01', '信号与系统', 60, 3.0, '张明'),
       ('EE-02', '数字逻辑电路', 100, 5.0, '胡海东'),
       ('EE-03', '光电子学与光子学', 40, 2.0, '石韬');


INSERT INTO studentcourse (student_id, course_id, grade)
VALUES ('01032010', 'CS-01', 82.0),
       ('01032010', 'CS-02', 91.0),
       ('01032010', 'CS-04', 83.5),
       ('01032001', 'CS-01', 77.5),
       ('01032001', 'CS-02', 85.0),
       ('01032001', 'CS-04', 83.0),
       ('01032005', 'CS-01', 62.0),
       ('01032005', 'CS-02', 77.0),
       ('01032005', 'CS-04', 82.0),
       ('01032023', 'CS-01', 55.0),
       ('01032023', 'CS-02', 81.0),
       ('01032023', 'CS-04', 76.0),
       ('01032112', 'CS-01', 88.0),
       ('01032112', 'CS-02', 91.5),
       ('01032112', 'CS-04', 86.0),
       ('01032112', 'CS-05', NULL),
       ('03031033', 'EE-01', 93.0),
       ('03031033', 'EE-02', 89.0),
       ('03031009', 'EE-01', 88.0),
       ('03031009', 'EE-02', 78.5),
       ('03031011', 'EE-01', 91.0),
       ('03031011', 'EE-02', 86.0),
       ('03031051', 'EE-01', 78.0),
       ('03031051', 'EE-02', 58.0),
       ('03031014', 'EE-01', 79.0),
       ('03031014', 'EE-02', 71.0);

