SID,SNAME,SEX,HEIGHT,BDATE,DORM
04000001,刘枫鹤,女,176.05,2003-12-13,东2舍907
04000010,李远胜,男,165.0,2004-02-16,西2舍823
04000020,张文和,男,183.0,2005-02-03,东1舍501
04000030,刘尧志,男,175.0,2004-01-31,东2舍530
04000041,刘欣美,女,156.0,2004-02-03,西1舍326
04000051,张然瑾,女,154.11,2004-02-24,东1舍221
04000060,杨韶函,男,167.0,2004-10-27,西1舍331
04000071,何娅旋,女,158.13,2003-11-14,西2舍109
04000081,韩蕴芃,女,170.25,2004-11-10,东1舍519
04000090,颜昭志,男,164.0,2004-06-19,西1舍326
04000101,文普奕,女,162.8,2004-10-12,东1舍121
04000110,徐雄元,男,178.0,2004-09-04,西1舍324
04000120,杜彦海,男,177.0,2004-10-20,东2舍107
04000130,殷淇颜,男,180.0,2004-10-17,西1舍508
04000140,李崇奕,男,155.0,2004-05-07,西1舍327
04000151,熊贞燕,女,163.96,2003-07-13,西1舍315
04000161,宋洲瑞,女,164.58,2004-05-04,西2舍539
04000171,罗霄芝,女,163.29,2004-05-29,东1舍524
04000181,王槐泽,女,167.4,2004-01-25,西1舍424
04000191,杨莺桂,女,147.69,2004-09-11,东2舍927
04000201,靳瑛萁,女,160.05,2004-03-25,西2舍632
04000211,雷丝裳,女,163.98,2004-05-20,东2舍718
04000221,陈纯妹,女,163.98,2004-08-04,西2舍705
04000230,傅浪诚,男,162.0,2004-09-16,东2舍830
04000240,黄韶弛,男,175.0,2003-07-21,东2舍930
04000251,王婷秋,女,146.13,2004-06-18,东2舍907
04000261,颜堇秋,女,164.45,2004-05-28,东2舍709
04000270,谢忠冰,男,180.0,2004-08-30,西2舍714
04000281,李娥雨,女,167.88,2004-06-02,西1舍307
04000291,冯君璧,女,169.9,2005-01-28,东2舍809
04000300,吴瀚洲,男,170.0,2003-12-26,西2舍935
04000310,锺卓宝,男,170.0,2003-09-01,东2舍932
04000321,吕榆丽,女,163.02,2004-08-04,西1舍329
04000331,刘桂蕴,女,158.87,2003-12-14,东1舍240
04000341,王琼堇,女,168.68,2004-03-14,西1舍226
04000351,杨馥珞,女,165.47,2004-12-01,东1舍101
04000361,曾万浩,女,160.62,2004-04-04,东2舍603
04000371,温盼薇,女,156.23,2004-05-18,西2舍113
04000381,谢听燕,女,176.25,2004-05-09,西1舍306
04000391,刘缦卓,女,166.4,2004-12-13,东2舍830
04000401,方琪籁,女,163.7,2005-04-11,西2舍608
04000410,朱朕昴,男,184.0,2004-01-16,西1舍309
04000420,陶殿登,男,171.0,2004-11-20,东2舍104
04000430,张正燏,男,177.0,2004-02-28,西1舍329
04000441,王丽虹,女,166.79,2004-08-29,西2舍840
04000451,张飘亭,女,159.74,2004-01-22,东1舍433
04000461,陈驰枝,女,169.22,2004-09-16,西1舍113
04000470,段镇恬,男,184.0,2004-05-07,东1舍101
04000481,刘雪瑛,女,158.23,2004-08-22,东1舍520
04000490,苏拾霖,男,176.0,2004-11-11,西1舍432
04000501,樊融君,女,157.04,2004-06-26,东2舍108
04000511,贾扬仪,女,168.75,2004-12-16,东2舍722
04000520,刘瑾岑,男,178.0,2005-06-08,西2舍833
04000531,刘巧盼,女,159.57,2004-10-15,西2舍814
04000540,周玮珺,男,167.0,2005-03-11,西1舍216
04000551,陈葵霞,女,150.45,2004-05-17,西1舍424
04000560,谢骢钦,男,171.0,2004-10-16,东2舍630
04000570,李缜珑,男,169.0,2004-03-03,东2舍718
04000581,余璧聪,女,165.04,2004-04-22,东2舍629
04000591,汤冰芹,女,161.48,2005-04-18,东2舍739
04000600,李卓嘉,男,169.0,2005-01-30,西2舍803
04000610,刘矾璥,男,170.0,2004-05-18,西1舍307
04000621,王燕藐,女,175.79,2004-09-05,东2舍639
04000631,马云萱,女,163.2,2003-07-13,西2舍813
04000641,杨裳思,女,164.12,2004-04-26,东2舍715
04000651,杨娥映,女,168.51,2004-03-09,西1舍313
04000660,古亭明,男,169.0,2004-12-21,东1舍517
04000671,高嘉旋,女,163.96,2003-08-02,东1舍425
04000680,陈魏佑,男,169.0,2004-11-27,东1舍221
04000691,方桂枝,女,167.54,2004-05-17,西1舍327
04000700,林祺昂,男,165.0,2003-11-20,东2舍625
04000711,温槽嫦,女,161.3,2005-01-25,西2舍103
04000721,孔丽芸,女,159.8,2003-12-20,西2舍820
04000730,董永瑎,男,171.0,2003-09-08,西1舍422
04000740,黄旲烁,男,186.0,2004-06-04,东1舍433
04000751,林冬玫,女,167.84,2004-12-10,西2舍903
04000760,郭意磊,男,181.0,2004-04-19,东1舍514
04000771,应荷帆,女,170.34,2004-11-21,西1舍414
04000781,耿茗烨,女,178.21,2005-01-20,东2舍737
04000791,靳芥潼,女,163.12,2004-10-28,西2舍925
04000800,郑恬南,男,176.0,2003-11-02,东1舍510
04000810,杨纪缜,男,169.0,2004-08-13,西1舍509
04000821,徐洲凉,女,168.32,2004-03-21,东2舍534
04000831,蒋菱洲,女,160.11,2004-10-26,西2舍926
04000840,张立彤,男,167.0,2004-01-27,东1舍434
04000851,赵雯嫣,女,161.13,2004-07-13,东1舍433
04000860,关鸿禛,男,164.0,2005-02-20,东1舍407
04000870,王瑜佑,男,174.0,2004-06-15,东2舍739
04000880,范铸霖,男,172.0,2004-05-16,西1舍406
04000891,刘枫芯,女,155.77,2004-12-23,西2舍539
04000901,于绿霜,女,164.68,2004-07-01,西2舍736
04000911,赵霞英,女,176.68,2004-08-03,东1舍240
04000921,冯盼怡,女,153.17,2004-07-25,西1舍406
04000930,刘时钦,男,176.0,2004-10-02,东2舍530
04000941,于恬焓,女,150.07,2004-10-24,西1舍110
04000951,张曼榆,女,175.33,2004-07-02,西2舍608
04000960,卫骏圣,男,180.0,2003-11-27,西1舍419
04000971,李奕桑,女,173.59,2005-02-26,东2舍726
04000981,王兔会,女,169.29,2004-08-04,东1舍235
04000990,田谦衡,男,172.0,2003-10-11,东1舍218
04001001,张秋蒨,女,154.1,2005-04-07,东1舍438
04001010,赵示瑞,男,175.0,2004-06-08,西2舍611
04001020,孙濮昊,男,167.0,2004-11-05,东2舍827
04001031,尹映瑗,女,172.13,2004-11-25,东2舍923
04001040,李稹圣,男,171.0,2004-05-04,西2舍109
04001050,黄世魏,男,166.0,2004-07-11,东1舍121
04001060,王乾稹,男,185.0,2004-10-29,东2舍112
04001071,陈浩莺,女,158.23,2004-09-27,西2舍802
04001081,崔凌榆,女,159.54,2004-03-21,西1舍423
04001091,陈阳瑾,女,162.31,2003-11-24,东2舍531
04001100,刘明曦,男,175.0,2005-05-11,西2舍704
04001110,金泽泽,男,170.0,2004-01-26,东2舍806
04001120,黄佚朕,男,174.0,2004-04-25,西2舍113
04001131,赵琴懿,女,173.05,2004-08-15,西1舍302
04001140,黄洲升,男,184.0,2004-11-01,西2舍936
04001150,陈景振,男,169.0,2004-12-18,东1舍411
04001160,张初远,男,188.0,2004-02-25,西1舍120
04001170,刘昂韬,男,180.0,2004-12-30,西1舍104
04001180,兰燏单,男,175.0,2004-07-12,西2舍535
04001191,张裳珊,女,168.76,2004-07-06,西2舍818
04001200,庄意瑾,男,178.0,2004-07-02,东1舍416
04001210,傅伟宣,男,186.0,2004-04-03,东1舍339
04001220,高博海,男,170.0,2005-05-24,西1舍309
04001230,杨旲俯,男,190.0,2004-04-20,西1舍324
04001241,刘柏银,女,162.16,2005-04-03,西1舍217
04001250,蔺蓝凯,男,175.0,2004-07-05,西2舍620
04001261,魏哓音,女,171.09,2004-11-12,西1舍327
04001271,张镱风,女,163.81,2004-06-29,东2舍739
04001281,李静玲,女,162.05,2004-09-12,东1舍122
04001290,胡曦璟,男,174.0,2004-09-10,东2舍635
04001301,刘枫岚,女,168.72,2004-11-10,西2舍738
04001311,申霄肖,女,159.92,2004-11-09,东1舍317
04001320,乔帝渝,男,175.0,2004-10-03,东1舍526
04001331,李万筱,女,169.42,2004-08-24,东1舍522
04001341,李皎光,女,164.83,2005-08-24,东2舍923
04001350,王丞钧,男,166.0,2004-05-16,东2舍602
04001360,宋钢奇,男,175.0,2004-03-10,东1舍526
04001371,罗菱扬,女,175.33,2004-09-15,东1舍436
04001380,何平书,男,168.0,2003-12-22,西2舍115
04001390,曾彰频,男,176.0,2003-11-04,东2舍712
04001400,王越泽,男,171.0,2004-06-09,西1舍237
04001410,吴浪禅,男,167.0,2004-09-06,东2舍605
04001420,徐晨远,男,174.0,2004-09-21,东2舍630
04001431,程乐琳,女,174.76,2004-05-02,东2舍629
04001441,邢欣盼,女,163.71,2004-06-07,西1舍115
04001451,刘瑜豆,女,159.51,2004-07-07,西1舍423
04001460,张昱波,男,173.0,2004-07-25,东2舍737
04001471,刘枝琪,女,160.72,2004-07-02,东1舍511
04001481,徐绿峥,女,162.03,2005-05-08,东2舍718
04001490,曹韩映,男,173.0,2004-04-01,东1舍139
04001500,唐雨仑,男,185.0,2004-06-26,西2舍713
04001511,谭懿媛,女,164.43,2004-07-27,西1舍217
04001521,董樱菊,女,159.59,2004-07-09,西2舍902
04001530,李拾福,男,182.0,2003-05-04,西2舍820
04001540,陈正震,男,165.0,2004-10-28,东1舍431
04001550,赵亭君,男,182.0,2005-02-18,东1舍336
04001561,宋纹乐,女,164.34,2004-07-27,西2舍925
04001571,张丹怀,女,163.31,2004-04-24,东2舍827
04001580,戴频雨,男,172.0,2004-05-20,西2舍822
04001590,涂世渝,男,173.0,2004-11-06,西1舍324
04001601,张婷双,女,165.86,2005-01-10,东1舍323
04001611,马纯卿,女,160.3,2003-11-12,西1舍302
04001620,张纲朋,男,165.0,2004-01-19,西2舍721
04001631,黄肖镱,女,164.66,2004-05-30,东2舍931
04001640,秦烊意,男,174.0,2004-08-17,东2舍816
04001651,杨宁谷,女,158.78,2004-06-19,东2舍701
04001660,王影密,男,181.0,2004-07-03,西2舍711
04001670,潘骏充,男,178.0,2004-03-20,西1舍424
04001680,陈乾烨,男,164.0,2003-11-24,西1舍215
04001691,张欣虹,女,151.64,2004-05-19,西1舍215
04001700,覃亿彰,男,173.0,2003-12-06,东2舍904
04001711,辛琴芃,女,165.28,2004-06-07,西2舍823
04001721,罗嫦昊,女,174.52,2005-01-25,西1舍327
04001731,朱瑛伟,女,168.64,2004-02-02,东1舍227
04001741,沈纨璧,女,159.05,2003-12-06,西1舍326
04001750,王拾争,男,182.0,2004-02-11,东2舍701
04001761,韦佳念,女,161.12,2004-03-15,西1舍137
04001771,刘凡赫,女,173.52,2004-11-13,西2舍818
04001780,费濮钢,男,179.0,2005-02-05,东1舍527
04001790,李瑞谦,男,174.0,2004-10-06,西2舍914
04001800,张有烁,男,180.0,2004-05-12,东1舍320
04001811,孙筱烷,女,156.75,2004-02-02,东1舍524
04001821,易灵菁,女,163.18,2004-12-27,西1舍422
04001831,吴哓蓝,女,148.91,2004-01-31,西2舍618
04001841,张峥映,女,167.89,2004-03-07,东1舍209
04001850,李宇凰,男,166.0,2004-06-27,西2舍631
04001861,阎溪娟,女,167.31,2004-09-10,东2舍807
04001870,费峰理,男,179.0,2004-03-31,西2舍833
04001880,陈朕丞,男,171.0,2003-11-08,东1舍527
04001890,周政旲,男,161.0,2004-04-13,东2舍808
04001901,方越楠,女,159.15,2004-03-23,东2舍715
04001911,陈香烨,女,160.64,2004-10-01,西2舍820
04001921,刘莺嫦,女,158.86,2004-12-28,东1舍401
04001930,邵全垒,男,177.0,2004-03-12,西2舍711
04001941,李霜妮,女,167.93,2003-09-24,西2舍810
04001951,杜念敏,女,163.86,2004-12-12,西1舍340
04001961,王璇妮,女,164.37,2004-04-25,西2舍736
04001970,陈波伦,男,172.0,2003-11-10,东1舍420
04001980,杨示振,男,182.0,2005-05-23,东2舍102
04001991,陈鸾楠,女,168.71,2004-09-01,西1舍307
04002000,王雄平,男,171.0,2004-05-08,西1舍231
04002010,冯智哲,男,171.0,2003-11-24,西1舍513
04002020,刘奎昶,男,159.0,2004-07-24,西2舍934
04002031,吴松颢,女,163.88,2003-03-27,西2舍609
04002041,朱姝会,女,159.89,2004-05-11,西1舍115
04002050,朱曦合,男,169.0,2004-03-24,西1舍428
04002060,萧影旭,男,170.0,2003-11-13,东2舍629
04002071,郑琪筠,女,149.08,2004-09-20,东2舍607
04002080,张葆驾,男,174.0,2004-07-01,西2舍628
04002090,张瑞隆,男,168.0,2005-01-16,西1舍502
04002101,吴媱映,女,163.67,2004-02-12,西1舍406
04002111,林偀哓,女,172.81,2004-08-29,东1舍431
04002120,王拾庆,男,165.0,2004-12-29,东2舍922
04002131,连光路,女,160.01,2004-09-14,东1舍526
04002140,李章昱,男,175.0,2004-05-04,东2舍531
04002151,陈素莓,女,166.71,2005-03-01,东2舍918
04002161,李雨曼,女,152.39,2005-01-07,西1舍417
04002171,曾煊绣,女,167.65,2004-01-07,西1舍207
04002180,李盛钧,男,167.0,2004-10-29,西2舍616
04002190,申来旭,男,167.0,2004-10-14,东1舍240
04002201,李文叶,女,162.88,2005-05-11,西1舍406
04002210,徐纪言,男,172.0,2004-08-20,东1舍517
04002221,傅熙蕾,女,170.54,2005-02-06,西2舍613
04002230,柴才邦,男,164.0,2005-03-18,西2舍612
04002240,苟海纲,男,166.0,2004-12-09,西2舍633
04002251,梁振卷,女,161.86,2004-04-29,东1舍339
04002260,陈振峰,男,158.0,2005-03-23,西2舍736
04002271,李薇娴,女,180.28,2004-04-16,东1舍512
04002281,程路燕,女,157.32,2004-11-28,西1舍237
04002291,李银伟,女,165.35,2004-05-06,西2舍915
04002300,彭兴社,男,184.0,2004-08-12,西1舍307
04002311,董美筱,女,163.91,2003-11-25,东2舍922
04002321,袁迎飘,女,159.35,2004-08-07,西2舍733
04002330,张含矾,男,169.0,2004-08-13,东2舍909
04002340,刘臣宣,男,176.0,2004-07-05,东1舍525
04002350,孙峻桦,男,176.0,2004-09-09,西2舍114
04002361,王阳琴,女,173.91,2004-03-22,西2舍732
04002371,常眉幽,女,153.51,2004-11-23,东2舍617
04002381,陈艳纨,女,169.04,2004-01-14,西1舍302
04002391,王枫玲,女,155.09,2004-08-19,东1舍209
04002401,梅茗真,女,160.59,2004-05-28,东2舍737
04002411,王家珍,女,167.21,2004-03-25,西2舍910
04002420,熊若敬,男,175.0,2004-01-20,东2舍919
04002431,孔怀曼,女,165.79,2004-06-13,西2舍114
04002441,梁幽荣,女,171.42,2003-12-24,西1舍116
04002450,杜喆玮,男,168.0,2003-07-21,西1舍210
04002461,李然海,女,168.27,2003-12-22,西2舍540
04002470,萧焘超,男,170.0,2004-11-06,东2舍111
04002481,孙琬聪,女,166.76,2004-02-22,东2舍734
04002491,吴纹杭,女,152.98,2003-12-03,西2舍633
04002500,李业铸,男,177.0,2004-01-25,西2舍627
04002511,何棉怡,女,158.74,2004-08-29,东1舍129
04002520,毕晞帝,男,172.0,2004-05-17,东1舍240
04002530,莫蒙凌,男,172.0,2004-03-04,西1舍507
04002541,梁安宛,女,143.68,2003-12-25,西1舍309
04002550,吴朋亿,男,162.0,2004-09-13,西2舍810
04002561,张银昭,女,153.47,2004-07-06,东2舍529
04002570,严虚淇,男,179.0,2004-10-09,西1舍415
04002581,张霞童,女,163.05,2004-08-04,东1舍439
04002590,陆洲益,男,182.0,2004-03-06,东1舍429
04002600,王卿东,男,170.0,2003-12-09,西1舍424
04002611,徐儿茵,女,161.5,2004-11-28,西2舍628
04002620,廖励轼,男,183.0,2003-09-28,西2舍536
04002630,赵强禛,男,167.0,2004-01-28,西1舍210
04002640,孙时拾,男,184.0,2005-08-01,西2舍707
04002650,赵频轼,男,183.0,2004-04-17,西1舍231
04002660,郭海洋,男,190.0,2004-04-08,西2舍811
04002670,陈宝歌,男,174.0,2004-11-08,西1舍130
04002681,李眉珚,女,173.67,2004-12-23,东1舍525
04002691,刘烨惜,女,159.14,2004-11-12,东1舍503
04002701,刘夏偀,女,165.37,2004-08-29,西2舍835
04002710,芦霆竹,男,174.0,2004-06-09,西2舍115
04002721,范香琳,女,155.85,2004-09-11,西2舍914
04002731,胡安彦,女,170.94,2004-09-03,东2舍734
04002740,朱魏韦,男,165.0,2003-11-03,西2舍926
04002751,谭妍颜,女,159.01,2004-04-10,东2舍904
04002760,王宣政,男,165.0,2004-08-01,东2舍806
04002771,易璇童,女,165.14,2005-04-02,东1舍520
04002780,陈凯烊,男,165.0,2004-04-04,西1舍222
04002791,蔡瑞彦,女,166.04,2004-01-28,西1舍309
04002801,陈哓晨,女,163.29,2004-11-10,西1舍302
04002810,曹谊睿,男,173.0,2005-02-16,西2舍613
04002821,李初蕴,女,162.13,2004-03-16,西2舍616
04002830,黄奎达,男,176.0,2004-10-09,西2舍740
04002841,郑越灿,女,172.35,2004-09-21,东2舍920
04002850,郭光函,男,166.0,2003-10-26,西1舍117
04002861,李悦雅,女,161.36,2003-12-27,西2舍717
04002871,蔡姝芝,女,154.61,2004-10-20,东1舍131
04002881,查卓澜,女,165.88,2003-12-24,西1舍113
04002891,丁莲娥,女,169.23,2004-12-23,东1舍427
04002901,张桃媱,女,165.37,2004-11-08,东2舍602
04002910,毛茂珑,男,160.0,2003-12-24,西2舍733
04002920,桑弛河,男,181.0,2004-05-25,东1舍219
04002930,李霆帝,男,168.0,2004-04-19,西2舍813
04002940,康谦峰,男,171.0,2004-11-20,东2舍602
04002951,陆纨琼,女,156.06,2004-05-18,西2舍601
04002960,邓佳马,男,169.0,2005-02-02,西2舍115
04002970,李喆君,男,173.0,2004-10-05,西2舍802
04002980,李有羽,男,166.0,2004-07-19,西2舍702
04002990,赵争刚,男,171.0,2004-03-13,西2舍611
04003001,林正洁,女,163.01,2004-03-31,西1舍125
04003010,罗辈隆,男,166.0,2004-03-31,西1舍513
04003020,武强贵,男,167.0,2005-11-02,西1舍231
04003031,杜棉璐,女,151.55,2004-06-24,东1舍323
04003041,黄煜葵,女,152.67,2004-01-24,西1舍108
04003051,何楠绣,女,164.59,2004-11-10,东2舍709
04003061,潘谷堇,女,159.47,2004-08-14,西1舍319
04003070,林彬骢,男,185.0,2004-04-26,东1舍209
04003081,陈杏怀,女,152.33,2004-08-05,东1舍321
04003091,余泽霄,女,164.29,2004-11-30,西1舍305
04003101,杨芸婕,女,169.64,2004-07-30,东2舍629
04003111,郝彤允,女,161.9,2004-04-26,西2舍825
04003120,王谦鹰,男,189.0,2005-02-08,东1舍439
04003131,程宁源,女,163.47,2003-12-29,东2舍617
04003141,张蒨旭,女,157.22,2004-03-07,西2舍729
04003151,金雨虹,女,165.27,2004-04-14,东2舍726
04003161,林茗籁,女,168.72,2004-08-30,西1舍326
04003171,应宸希,女,154.64,2004-09-28,东2舍625
04003181,李月虞,女,161.24,2004-06-15,西1舍105
04003191,杨黛蒨,女,167.35,2004-12-15,西2舍537
04003200,李昌邦,男,162.0,2004-03-12,西2舍721
04003210,蔡鹰淼,男,175.0,2004-04-05,西1舍130
04003220,张昱茂,男,185.0,2004-05-15,东2舍834
04003230,张保君,男,179.0,2004-02-21,西1舍313
04003240,秦杉智,男,175.0,2004-06-13,西2舍615
04003251,王昭蕾,女,166.03,2004-04-21,西2舍801
04003261,李童咏,女,157.27,2004-08-08,东1舍333
04003271,李玫艺,女,166.57,2004-01-16,西2舍704
04003281,洪真芯,女,175.5,2004-09-14,西1舍319
04003290,臧卫凰,男,166.0,2004-09-04,东2舍931
04003300,张政峰,男,182.0,2004-09-10,东2舍927
04003311,崔芊伟,女,160.69,2004-08-29,东2舍720
04003321,刘云怡,女,159.35,2005-02-04,东1舍521
04003331,江柔馥,女,171.28,2004-06-05,西2舍828
04003341,方采静,女,167.59,2004-07-31,西2舍921
04003350,王杰杉,男,176.0,2004-12-12,西1舍112
04003361,贾昊茗,女,161.41,2004-03-20,东1舍427
04003370,罗谱易,男,168.0,2004-03-09,东1舍323
04003381,王连春,女,157.91,2004-05-29,东1舍525
04003390,张励纪,男,173.0,2004-09-20,西2舍620
04003401,张伊煜,女,173.24,2004-12-10,东1舍403
04003411,刘偀凤,女,164.65,2004-06-16,西1舍216
04003421,郑谷风,女,155.51,2004-07-01,东2舍614
04003431,谢琬滟,女,151.04,2004-10-30,东1舍221
04003441,宋琶韵,女,162.42,2004-08-31,东2舍621
04003451,宋歆柳,女,154.05,2003-12-03,西2舍618
04003460,曹禛鹰,男,181.0,2005-03-14,东2舍727
04003470,王万和,男,169.0,2004-06-10,西2舍106
04003481,陈梨哲,女,169.3,2004-03-09,东2舍739
04003491,师璇然,女,158.43,2003-12-18,西2舍818
04003500,左武禛,男,164.0,2004-08-23,东1舍212
04003510,黄清全,男,175.0,2005-02-04,东2舍804
04003521,陆宇怡,女,161.98,2005-02-10,西1舍228
04003530,李辰文,男,167.0,2004-10-12,西1舍229
04003540,孙元烨,男,176.0,2004-11-05,西2舍933
04003551,朱锦彤,女,163.79,2003-12-31,西2舍811
04003561,连缦恬,女,160.36,2005-07-21,西1舍516
04003570,郭万利,男,167.0,2004-12-05,西2舍913
04003580,饶焘颜,男,171.0,2004-09-20,西2舍537
04003591,李飘睿,女,158.54,2004-04-25,东1舍527
04003601,罗洲缦,女,170.91,2003-11-26,西2舍616
04003610,吴和葆,男,161.0,2004-07-01,西1舍334
04003621,周瑛鸾,女,159.15,2004-05-02,东1舍505
04003631,邓晶柏,女,154.33,2004-06-03,西1舍331
04003641,万珠筠,女,155.06,2004-02-26,东1舍118
04003650,翟益聪,男,173.0,2003-07-04,东2舍636
04003660,刘航浣,男,158.0,2005-02-22,西2舍640
04003671,陈惠黛,女,162.31,2005-02-28,西2舍811
04003681,李爽昭,女,168.2,2004-07-03,东1舍140
04003691,刘桂萍,女,158.01,2004-02-04,东2舍104
04003700,王升聪,男,171.0,2004-07-30,西1舍413
04003711,杨绣笑,女,167.33,2004-10-09,东1舍429
04003720,丛宏永,男,174.0,2004-12-27,西1舍419
04003730,赵铸澈,男,175.0,2005-06-30,西2舍902
04003740,毛旖敖,男,173.0,2004-05-13,西1舍229
04003750,杨强奕,男,175.0,2004-05-13,东1舍503
04003761,虞偀灵,女,158.18,2005-01-31,东1舍412
04003770,何聪康,男,170.0,2004-08-15,东1舍527
04003781,杨君瑷,女,154.33,2004-03-11,西2舍733
04003790,臧社垒,男,176.0,2004-11-25,西2舍613
04003801,张勤觅,女,164.7,2004-05-12,东2舍712
04003811,邹瑗彦,女,172.1,2004-10-12,西2舍114
04003821,杨芷依,女,161.46,2004-11-21,西1舍528
04003831,刘彩花,女,165.13,2004-03-19,西1舍330
04003841,吴依峥,女,170.64,2004-05-11,东2舍904
04003851,孙雯梅,女,162.72,2004-08-02,东2舍808
04003860,王乐佑,男,180.0,2004-03-23,东1舍301
04003871,李婉沁,女,163.17,2004-06-19,东2舍607
04003880,陈瑞克,男,168.0,2004-07-23,西1舍417
04003890,董言濯,男,166.0,2004-06-16,东1舍320
04003901,韦自维,女,146.36,2004-08-25,西2舍106
04003911,杨香姝,女,167.72,2005-04-16,东2舍919
04003920,杨禛州,男,188.0,2004-01-18,西1舍214
04003930,曹书哲,男,177.0,2004-08-11,西1舍423
04003941,陈儿洁,女,164.92,2005-02-13,东2舍726
04003951,于任纹,女,148.64,2003-10-21,东2舍712
04003961,张映玥,女,151.15,2003-06-29,东2舍621
04003970,李言杰,男,175.0,2005-04-25,东1舍203
04003980,李帅东,男,170.0,2004-03-04,西1舍201
04003991,牛爱茜,女,161.39,2005-02-05,西1舍108
04004001,何芯慧,女,175.08,2004-04-25,西2舍823
04004010,孙澜喆,男,173.0,2004-06-30,东1舍520
04004021,李翠怡,女,173.53,2004-01-20,西2舍705
04004031,李豆槽,女,166.27,2005-03-09,东2舍603
04004040,蓝旲时,男,168.0,2003-10-03,东1舍239
04004050,陈泉濮,男,191.0,2004-07-25,东1舍434
04004061,袁玲乐,女,168.42,2004-09-07,西1舍331
04004070,王锦畅,男,171.0,2003-11-30,西1舍117
04004081,宗寻路,女,164.44,2004-08-16,东1舍336
04004091,卢绿松,女,164.58,2004-10-27,东1舍102
04004101,蔡辰籁,女,156.66,2004-10-03,西2舍837
04004110,范邦佑,男,171.0,2004-05-17,西1舍329
04004121,卫文璇,女,162.42,2005-03-17,西2舍707
04004131,潘秋莺,女,170.02,2003-12-13,东1舍412
04004141,黄可纹,女,172.34,2004-11-15,西1舍110
04004151,孙风秋,女,157.33,2004-09-06,东1舍208
04004161,徐正蕊,女,154.24,2005-01-09,东1舍131
04004170,许单琪,男,169.0,2004-08-27,东1舍230
04004181,孙苒妍,女,156.5,2004-05-15,东1舍501
04004190,杨震钧,男,167.0,2004-06-20,西1舍117
04004200,梁远佳,男,165.0,2004-07-27,西2舍735
04004210,娄兴凰,男,179.0,2004-04-29,东2舍610
04004221,杨涵寻,女,161.79,2003-11-30,东2舍838
04004230,杨登略,男,174.0,2004-04-22,东1舍140
04004240,黄敬诗,男,153.0,2004-12-25,西2舍926
04004250,杨宣浣,男,180.0,2003-12-22,东2舍808
04004260,张璥船,男,186.0,2004-08-27,西1舍234
04004270,周阔柒,男,170.0,2003-09-17,西2舍729
04004280,萧若磊,男,171.0,2004-03-12,东1舍425
04004290,陈翊罡,男,170.0,2005-06-18,西2舍624
04004300,郭影业,男,173.0,2005-01-15,东1舍235
04004310,姜李礼,男,162.0,2005-01-10,东2舍909
04004321,丁木熙,女,154.49,2004-03-28,西1舍207
04004330,谢伟贯,男,183.0,2005-01-23,西2舍926
04004341,郑松霎,女,173.96,2004-11-02,西2舍732
04004350,郭朕钦,男,163.0,2004-07-23,西2舍537
04004360,刘科律,男,183.0,2004-08-03,西2舍929
04004371,高怡菱,女,162.02,2004-08-27,西2舍818
04004381,林冬群,女,169.19,2004-06-27,东2舍927
04004390,李桦冕,男,175.0,2004-06-14,东1舍519
04004401,黄豆伊,女,160.47,2004-08-07,东2舍920
04004411,段妮智,女,156.59,2004-04-15,东1舍337
04004421,王媛青,女,169.49,2004-03-14,西2舍114
04004431,谭荷镱,女,160.37,2004-08-02,东1舍332
04004440,李轩之,男,176.0,2004-06-08,东1舍339
04004451,陈玫晓,女,155.9,2004-12-15,东1舍227
04004460,徐马稹,男,159.0,2004-04-15,西1舍329
04004471,董钰舞,女,163.05,2004-04-20,西1舍113
04004481,王倚榆,女,162.0,2004-05-14,西2舍729
04004491,李兔籁,女,171.65,2004-09-05,东2舍530
04004501,张秋霄,女,164.79,2004-10-15,西2舍902
04004511,吴芸依,女,171.35,2004-05-31,西2舍624
04004520,夏凯礼,男,175.0,2003-11-09,东1舍239
04004530,彭高致,男,171.0,2003-12-14,西2舍633
04004540,李征寒,男,171.0,2004-02-14,东2舍102
04004550,叶李骢,男,175.0,2004-01-02,西2舍813
04004561,刘薇榆,女,174.1,2003-11-21,西2舍913
04004570,赵磊柏,男,181.0,2004-07-03,西1舍311
04004581,连彦笛,女,173.28,2004-03-09,西1舍116
04004590,张乾骏,男,169.0,2004-10-28,西2舍833
04004601,章潼雪,女,163.68,2003-11-04,西2舍803
04004610,王纲竣,男,183.0,2003-12-20,西1舍126
04004620,康宣豪,男,174.0,2004-04-15,西2舍608
04004631,刘昕昊,女,153.24,2004-01-20,东1舍129
04004640,李宣彬,男,176.0,2003-08-03,东2舍719
04004651,李荷绮,女,155.62,2004-06-25,西2舍840
04004660,秦海昱,男,177.0,2003-12-27,西2舍831
04004670,杨初全,男,170.0,2004-10-01,西1舍331
04004680,赵臻伟,男,178.0,2003-08-15,东2舍614
04004691,程妹南,女,155.31,2004-01-31,东2舍722
04004700,刘楠颜,男,179.0,2004-01-28,东2舍712
04004711,张翠蓓,女,164.32,2004-10-13,东1舍525
04004720,孙庆淼,男,182.0,2004-06-19,东2舍827
04004731,郑彦冰,女,165.78,2004-11-27,东2舍727
04004741,陈华玮,女,165.28,2004-09-10,东2舍634
04004751,李洁路,女,174.02,2005-01-07,西1舍215
04004760,潘政棋,男,172.0,2004-07-04,西1舍119
04004770,谢文钧,男,177.0,2004-11-08,西2舍631
04004780,孙国颜,男,168.0,2005-04-10,西2舍913
04004791,萧玫卿,女,171.95,2004-03-28,西2舍110
04004801,于璐婵,女,166.77,2004-06-30,东2舍901
04004811,王籁熙,女,167.35,2004-07-03,东1舍121
04004820,张崇朋,男,164.0,2004-10-29,西1舍310
04004830,李恬淇,男,182.0,2004-12-16,西1舍215
04004840,李景佚,男,166.0,2004-07-13,东1舍131
04004850,黄驾诤,男,161.0,2005-04-08,西1舍222
04004860,吴雨蔚,男,176.0,2003-12-30,西2舍714
04004871,方玥沁,女,163.57,2004-06-06,东1舍128
04004880,徐初承,男,174.0,2004-06-10,西1舍126
04004890,傅迈子,男,176.0,2004-10-01,西2舍703
04004900,朱理敬,男,172.0,2004-08-11,东2舍932
04004911,吴洁勤,女,157.77,2004-08-11,东2舍617
04004920,何风善,男,183.0,2003-07-13,西1舍130
04004930,孙社洲,男,187.0,2004-06-08,东2舍806
04004941,万莲影,女,160.14,2004-04-09,东1舍203
04004951,吴杭哓,女,174.51,2004-04-05,东1舍230
04004960,叶哲襦,男,171.0,2004-09-24,西1舍111
04004970,杨佳臻,男,173.0,2004-07-12,西2舍110
04004980,吴行浩,男,171.0,2004-10-08,东2舍625
04004991,汤聪婉,女,158.34,2004-07-01,东1舍225
04005000,张缜禛,男,179.0,2005-07-09,东2舍807
04005011,田聪怀,女,159.77,2004-09-24,西1舍232
04005020,王佚铠,男,158.0,2004-02-18,西2舍915
04005030,李映虚,男,171.0,2004-01-12,西2舍101
04005041,党灿柏,女,164.82,2004-09-26,西2舍936
04005050,毕奇歌,男,177.0,2004-10-16,西2舍740
04005061,冯智虞,女,151.33,2004-12-26,西2舍837
04005071,范姣杏,女,159.35,2005-03-28,西2舍707
04005081,刘玲依,女,165.09,2004-04-10,东2舍834
04005091,马玥涟,女,158.68,2004-04-13,西1舍507
04005100,陈榜乐,男,163.0,2004-05-21,东2舍917
04005110,李善州,男,178.0,2004-05-16,西2舍939
04005120,林铸瑾,男,181.0,2005-02-27,东1舍140
04005131,陈秋霞,女,169.01,2004-07-11,东1舍439
04005141,李籁姝,女,156.94,2004-04-28,东2舍907
04005151,许美涟,女,166.95,2004-03-31,西1舍204
04005161,黄趣恬,女,158.19,2004-07-13,西1舍523
04005171,蒋映允,女,162.15,2004-12-16,西2舍733
04005181,徐桑宇,女,157.35,2004-08-23,东2舍706
04005191,罗趣偀,女,168.91,2004-08-30,东1舍322
04005201,鲍蓉可,女,168.85,2004-11-12,西2舍106
04005210,段森俊,男,174.0,2004-10-11,东2舍530
04005220,李敖来,男,167.0,2004-02-16,东1舍430
04005231,李蓓莓,女,158.45,2005-06-20,西2舍103
04005240,徐鹰船,男,173.0,2004-05-23,西1舍324
04005251,张红瑜,女,169.48,2004-12-16,东2舍619
04005261,吴榆潼,女,162.9,2004-01-28,西2舍831
04005270,崔泽翰,男,173.0,2004-05-11,东1舍438
04005280,高桦逸,男,168.0,2004-05-20,西1舍217
04005290,陈腾诤,男,169.0,2004-07-19,西1舍426
04005301,吕宸琬,女,154.3,2004-01-21,东2舍534
04005310,赵烊略,男,169.0,2004-07-03,西2舍633
04005321,杨露叶,女,162.01,2004-08-21,西2舍915
04005330,孙谚迅,男,176.0,2004-07-27,东1舍420
04005341,李优英,女,162.07,2004-06-04,西2舍828
04005351,谢玉漪,女,169.97,2004-10-27,东1舍512
04005360,杨晞至,男,165.0,2004-09-06,东2舍911
04005370,黎承谚,男,167.0,2004-05-21,东1舍338
04005380,郝强略,男,177.0,2004-08-28,东1舍230
04005390,李钊晏,男,172.0,2004-03-31,东2舍107
04005401,蔡荷问,女,154.23,2004-03-17,东1舍519
04005410,黄致略,男,172.0,2004-12-01,东1舍308
04005421,梁宸冬,女,167.73,2004-12-04,西2舍637
04005430,周鹰鸿,男,170.0,2004-07-11,西1舍108
04005440,邹律锐,男,173.0,2004-04-27,西2舍106
04005451,李娜韵,女,166.14,2005-05-21,西2舍810
04005461,陈维韵,女,172.79,2004-08-02,西2舍721
04005471,沈欢昭,女,162.01,2004-06-10,西1舍130
04005481,陶超莺,女,169.74,2004-10-22,东2舍927
04005491,史颜灵,女,163.12,2004-04-11,西1舍119
04005501,盛雪羽,女,174.35,2005-01-04,西2舍113
04005511,刘兔家,女,156.39,2004-10-10,西2舍725
04005520,唐擎寒,男,171.0,2004-10-28,西2舍540
04005530,刘飒风,男,181.0,2004-06-17,西1舍217
04005540,杨若畅,男,169.0,2004-07-17,东2舍737
04005551,何趣冉,女,163.05,2004-02-20,西2舍801
04005560,毛基影,男,166.0,2004-01-27,东1舍510
04005570,薛飒登,男,183.0,2004-10-11,东1舍520
04005581,帅煜哓,女,167.79,2004-10-01,西1舍116
04005591,曾靖芫,女,168.47,2004-11-25,西2舍713
04005600,孙伟凰,男,162.0,2004-08-31,西2舍735
04005611,胡儿丝,女,161.15,2004-08-05,西1舍316
04005621,黄绮芹,女,160.96,2004-04-25,西2舍828
04005630,王贵桓,男,184.0,2004-10-18,东1舍225
04005640,廖奎和,男,190.0,2004-05-02,西2舍637
04005650,蒋濯儒,男,173.0,2004-07-04,西2舍537
04005661,谢苒裳,女,174.03,2004-02-17,东1舍320
04005670,胡胜函,男,165.0,2004-05-31,西1舍111
04005680,李若骢,男,164.0,2004-02-02,西1舍334
04005691,丘月海,女,179.88,2004-02-04,东2舍728
04005700,沈儒敖,男,169.0,2004-07-28,东2舍630
04005710,蒋亿风,男,176.0,2004-04-22,东2舍107
04005721,鄢歆茗,女,172.48,2004-08-29,东2舍610
04005730,罗初彰,男,177.0,2005-01-26,西2舍840
04005741,张漪玉,女,164.86,2003-11-17,西2舍703
04005750,陈业榜,男,171.0,2004-09-02,西1舍310
04005760,陈澔言,男,184.0,2005-04-08,东1舍514
04005771,卞春旋,女,158.82,2003-11-16,西1舍513
04005781,吴自瑞,女,171.59,2004-08-23,西2舍705
04005790,王翊冕,男,167.0,2004-07-20,西2舍601
04005801,周莓振,女,172.62,2003-09-03,东1舍218
04005810,耿峰嘉,男,174.0,2004-09-08,西2舍608
04005821,张越龙,女,160.94,2004-10-30,西2舍732
04005831,刘嫦雁,女,162.44,2004-11-27,东2舍931
04005840,畅谊旭,男,178.0,2004-07-28,东1舍401
04005851,张彦烟,女,168.28,2004-06-15,东2舍622
04005860,郭晟晞,男,185.0,2004-06-19,西1舍423
04005871,王靖媱,女,169.76,2004-06-05,西2舍938
04005881,周鸾卷,女,177.72,2005-05-07,西1舍325
04005890,杨烨哲,男,172.0,2004-12-08,西1舍233
04005901,黄真蓓,女,164.07,2004-07-06,东2舍728
04005910,丁雨奕,男,168.0,2004-04-14,西1舍314
04005921,黄艳风,女,161.44,2004-06-06,西2舍822
04005930,聂马帅,男,173.0,2004-04-21,西1舍437
04005941,高豆潇,女,166.8,2004-11-20,西2舍616
04005951,马藐芝,女,164.54,2004-08-30,东1舍212
04005961,王茵源,女,154.45,2004-08-03,西1舍404
04005970,曹棋略,男,178.0,2004-05-11,东1舍335
04005981,耿问玉,女,157.68,2004-03-16,西1舍413
04005991,余蔚鹤,女,157.62,2004-05-14,东1舍321
04006000,王晨佑,男,166.0,2005-05-06,西1舍105
04006010,马琛震,男,166.0,2003-09-25,东1舍308
04006021,邬夏苒,女,166.52,2004-12-12,西2舍731
04006030,王乾韦,男,159.0,2004-05-19,西2舍813
04006040,王函克,男,163.0,2004-11-16,东1舍434
04006050,孙溯航,男,165.0,2004-07-11,东2舍816
04006060,乔矾谦,男,162.0,2004-05-18,西1舍502
04006070,祝初峰,男,171.0,2004-06-24,西2舍822
04006080,梁清蒲,男,170.0,2003-11-15,东2舍807
04006091,李亭痴,女,167.55,2004-07-04,西1舍110
04006101,孙贺万,女,170.99,2003-01-23,东1舍430
04006110,贾宣李,男,174.0,2004-09-25,东1舍430
04006120,杜冠谊,男,177.0,2004-10-14,东2舍602
04006130,丁焘奇,男,169.0,2003-11-24,西1舍137
04006140,张谱凌,男,169.0,2004-04-02,西1舍437
04006150,杨国子,男,164.0,2005-02-01,东1舍339
04006160,段马谊,男,166.0,2003-11-27,西2舍803
04006171,刘曼丹,女,152.37,2004-10-09,东1舍407
04006181,梁荣芸,女,159.08,2003-08-14,东1舍219
04006190,陈颔垒,男,176.0,2004-01-18,东1舍323
04006201,孙莓南,女,169.61,2004-07-13,东2舍807
04006211,白潼伟,女,161.77,2004-11-20,东2舍140
04006220,董帝风,男,175.0,2004-09-02,东2舍636
04006231,高菁曦,女,178.17,2004-01-21,西1舍306
04006240,朱泰弛,男,189.0,2004-01-22,西1舍216
04006250,王广圣,男,171.0,2004-07-09,西1舍334
04006260,刘船映,男,173.0,2004-04-09,东1舍103
04006270,阎刚昱,男,167.0,2004-08-22,西2舍905
04006280,陈擎诗,男,173.0,2004-06-10,东2舍906
04006290,王淼彤,男,185.0,2004-08-16,西1舍402
04006300,汪来臻,男,182.0,2004-03-09,西2舍115
04006310,朱靖咏,男,166.0,2003-11-13,东2舍904
04006321,李怀玮,女,157.22,2004-11-22,东1舍332
04006331,燕莉媛,女,168.03,2003-12-22,西1舍126
04006340,谭忠蔚,男,175.0,2004-05-14,西2舍705
04006350,孙琪树,男,170.0,2004-06-07,西1舍504
04006361,胡超纹,女,162.52,2004-03-04,东1舍106
04006370,刘伦耀,男,175.0,2004-07-15,西1舍413
04006381,段晗容,女,164.03,2004-06-09,东1舍420
04006390,王州才,男,161.0,2004-07-15,西1舍325
04006400,陈浩祺,男,168.0,2004-06-09,西2舍103
04006411,杨卷宛,女,153.51,2003-12-14,东1舍338
04006420,刘庆船,男,165.0,2004-11-19,东2舍614
04006430,马迈舱,男,170.0,2004-02-03,东2舍809
04006440,陈钊星,男,174.0,2004-07-30,东1舍521
04006450,武海哲,男,175.0,2005-02-08,西1舍330
04006461,黄林蓉,女,169.04,2004-06-27,西2舍840
04006471,王蒨娣,女,178.09,2004-04-30,西1舍313
04006481,向绿尔,女,156.61,2004-06-29,东2舍923
04006491,郭琴香,女,175.14,2004-07-07,西2舍740
04006501,李萱泽,女,164.64,2004-07-27,西2舍730
04006510,王超衡,男,186.0,2005-01-26,西2舍721
04006520,谢崇韵,男,173.0,2005-02-04,东1舍320
04006531,吕铃晶,女,167.36,2005-03-01,西1舍313
04006541,张甜叶,女,155.65,2004-08-17,东2舍838
04006551,李莓源,女,170.91,2004-05-31,西1舍216
04006560,曹承政,男,169.0,2003-12-30,西2舍823
04006571,余琴灿,女,162.66,2004-07-18,西2舍833
04006581,项静瑛,女,161.28,2005-05-25,西2舍929
04006591,马谷月,女,162.66,2004-09-28,西2舍925
04006600,张理瑎,男,166.0,2004-09-25,东1舍521
04006610,郭升杭,男,178.0,2004-02-20,东1舍211
04006621,张柏芷,女,161.46,2004-10-01,西2舍714
04006631,石菱琼,女,152.99,2004-07-02,东1舍410
04006640,周和涵,男,162.0,2004-08-12,西2舍831
04006651,周芥瑶,女,166.88,2005-01-21,东1舍524
04006661,于卿颖,女,158.62,2004-10-02,西2舍814
04006670,潘鹰冕,男,167.0,2004-03-14,东1舍321
04006680,刘宇燏,男,164.0,2004-07-19,东1舍510
04006690,王刚影,男,179.0,2004-03-29,东1舍225
04006701,宋嫦惠,女,171.83,2005-02-15,西1舍104
04006710,鄢旷广,男,174.0,2004-05-22,西1舍204
04006721,施璐安,女,154.08,2004-01-28,西1舍105
04006730,陈马筠,男,179.0,2004-09-03,东1舍131
04006741,王霎音,女,161.14,2005-06-11,东2舍701
04006751,王趣澜,女,147.81,2003-06-16,东1舍503
04006761,戴菲璐,女,166.54,2003-06-04,西1舍306
04006770,任承韦,男,180.0,2004-03-12,东1舍403
04006781,刘丝瑜,女,155.52,2004-05-22,西1舍105
04006790,陈士涵,男,172.0,2004-10-19,西2舍902
04006800,郑佳仑,男,176.0,2004-09-07,东2舍610
04006811,赖可语,女,174.18,2004-09-25,东2舍834
04006821,姚梨聪,女,164.92,2004-09-01,东1舍411
04006830,陈辈均,男,186.0,2004-09-15,东2舍140
04006841,冯飘旋,女,164.71,2004-07-29,东1舍427
04006851,张鸣靖,女,145.83,2003-08-13,西2舍711
04006861,荆乐露,女,159.28,2004-07-28,西2舍936
04006870,刘含时,男,175.0,2004-06-05,西1舍117
04006881,林怡曼,女,178.33,2004-01-29,西1舍315
04006891,丁梅婵,女,165.95,2003-07-17,东2舍623
04006901,黄趣纹,女,157.97,2004-06-26,东2舍734
04006910,陈意充,男,167.0,2004-09-20,西1舍319
04006920,桑涵真,男,181.0,2005-01-20,东2舍105
04006930,樊涵骏,男,168.0,2004-04-28,东1舍220
04006941,王珍忆,女,164.94,2004-10-13,西2舍939
04006950,卢曦乾,男,176.0,2004-08-15,西1舍205
04006961,陈枫镱,女,169.25,2004-07-11,东2舍916
04006970,吕阔诗,男,171.0,2005-04-13,东1舍517
04006981,胡娇漫,女,161.26,2004-10-06,东1舍416
04006990,高攸世,男,172.0,2004-09-30,东2舍901
04007001,房馥越,女,167.49,2004-04-16,东2舍718
04007011,严漫桑,女,156.59,2004-12-25,东1舍114
04007021,张花灿,女,176.56,2004-05-01,西2舍913
04007031,张珠娟,女,164.02,2004-02-13,西1舍311
04007040,李蒲争,男,170.0,2004-04-30,东2舍719
04007051,陈风风,女,173.37,2004-06-14,西2舍609
04007061,李冰阳,女,155.65,2004-08-09,西2舍711
04007071,廖帆贻,女,152.79,2004-03-13,西1舍334
04007080,温磊蔚,男,183.0,2004-06-25,东2舍808
04007091,杨鹤晋,女,159.35,2004-06-02,东2舍607
04007101,姜然葵,女,175.0,2004-05-09,西2舍817
04007110,林争利,男,168.0,2003-11-17,西1舍516
04007120,陈鑫桦,男,164.0,2004-03-05,东2舍625
04007130,韦晞飒,男,175.0,2004-09-26,东2舍827
04007141,樊懿玫,女,165.09,2005-01-19,西2舍110
04007150,陈雨澈,男,173.0,2004-04-18,东1舍409
04007161,胡冰茵,女,176.99,2004-08-09,西1舍205
04007171,郭娴黛,女,158.02,2004-03-01,西2舍724
04007181,朱俏欣,女,166.29,2004-05-19,东1舍123
04007191,王娇怀,女,170.6,2003-11-12,东2舍920
04007200,侯保晗,男,179.0,2003-09-23,西1舍311
04007210,林洋钊,男,167.0,2004-01-25,东2舍104
04007220,周时聪,男,179.0,2004-06-26,西2舍109
04007231,孙柔珠,女,160.93,2005-04-06,西2舍905
04007240,屈轩乐,男,164.0,2003-09-07,东1舍412
04007250,李皓翰,男,169.0,2004-09-29,西2舍612
04007261,李昊藐,女,161.38,2003-07-29,东1舍431
04007270,李钧掣,男,172.0,2004-11-15,西2舍640
04007280,王凰劭,男,176.0,2004-07-01,西2舍533
04007291,王璧琶,女,149.89,2004-10-19,西1舍437
04007301,吴琦琳,女,164.51,2004-08-26,东2舍140
04007310,陈州掣,男,167.0,2004-04-27,西2舍631
04007321,李丽静,女,163.16,2004-06-09,西1舍508
04007331,李煦云,女,166.91,2004-12-19,西2舍724
04007341,尚听若,女,162.92,2004-06-18,西2舍934
04007351,衣采荣,女,165.51,2005-02-05,西1舍234
04007361,何珠茜,女,162.71,2004-05-14,东1舍510
04007370,刘岑咏,男,179.0,2004-07-09,东2舍715
04007380,曾影南,男,167.0,2004-05-21,东1舍220
04007391,潘华人,女,162.06,2004-03-13,西1舍223
04007401,李葵琼,女,177.17,2004-09-19,东2舍112
04007410,唐韶平,男,173.0,2004-04-07,西1舍201
04007420,孙洲诚,男,184.0,2005-02-01,东2舍911
04007431,苏恬韵,女,172.35,2004-06-19,东2舍614
04007440,杨书喆,男,172.0,2004-08-25,西1舍306
04007450,谢震琛,男,172.0,2004-11-28,西1舍238
04007460,张昴含,男,174.0,2004-09-12,西1舍408
04007470,王颜朋,男,177.0,2004-06-18,东1舍420
04007481,杨菊燕,女,160.1,2004-07-17,东2舍909
04007491,孟晨蕴,女,167.24,2004-08-08,东1舍522
04007501,李煊雪,女,158.1,2004-11-20,西1舍234
04007510,刘镇合,男,182.0,2004-05-19,西2舍914
04007521,冯露鸣,女,159.79,2005-01-26,西1舍305
04007531,李蓝铃,女,163.63,2004-06-27,西2舍631
04007541,金缦荫,女,163.95,2004-06-12,东1舍239
04007551,罗阳卉,女,164.08,2004-12-04,东2舍639
04007561,刘花婵,女,175.45,2004-04-30,东1舍132
04007570,邵律青,男,175.0,2003-08-05,西1舍134
04007580,万生攸,男,160.0,2003-10-13,西1舍304
04007590,郭敬聚,男,169.0,2004-04-24,西1舍316
04007601,孙裳宛,女,160.55,2004-10-24,东1舍335
04007610,仲铸丞,男,163.0,2004-08-23,东2舍719
04007621,王娜贻,女,159.05,2004-04-04,东1舍410
04007631,张沁新,女,160.01,2004-05-14,东2舍719
04007641,何梅爽,女,161.49,2004-10-10,东2舍928
04007651,刘紫贺,女,159.03,2004-04-12,东1舍517
04007661,周怀趣,女,158.8,2004-04-17,西1舍234
04007671,李晋昊,女,168.98,2004-08-04,西2舍103
04007680,段凰炎,男,172.0,2004-02-24,西2舍811
04007690,周耀宣,男,187.0,2004-03-30,西1舍229
04007700,孙章照,男,182.0,2003-10-17,东2舍635
04007710,王存合,男,169.0,2004-05-30,西1舍104
04007720,马洋涛,男,177.0,2004-04-02,西1舍210
04007731,蔡驰歆,女,157.7,2004-05-14,西2舍632
04007740,邓佳洲,男,169.0,2003-12-27,东2舍617
04007750,杨矾柒,男,173.0,2005-02-07,东1舍317
04007760,陈卿钟,男,168.0,2005-03-25,西2舍714
04007771,戴艳群,女,167.69,2003-10-15,东2舍622
04007781,冯万槽,女,157.82,2004-07-19,西1舍437
04007791,王碧木,女,154.02,2003-10-07,东1舍501
04007800,朱章凌,男,177.0,2004-11-27,西1舍316
04007811,王靖维,女,174.47,2004-02-25,西1舍315
04007820,王存亿,男,167.0,2004-06-16,西2舍826
04007831,周惠灿,女,163.88,2004-03-06,西2舍929
04007840,刘玮皓,男,176.0,2004-07-24,西2舍535
04007850,庄国子,男,162.0,2003-11-15,东1舍412
04007860,蔡世帅,男,177.0,2004-10-31,西2舍935
04007870,邓帝涛,男,179.0,2004-08-31,东2舍923
04007881,朱嫦婷,女,165.23,2004-05-06,东1舍335
04007891,王潼贻,女,170.08,2004-04-07,西2舍632
04007901,夏玲华,女,169.2,2004-03-30,东1舍318
04007911,王思婵,女,153.74,2005-01-03,西1舍305
04007920,刘邦庭,男,166.0,2004-04-13,西2舍708
04007930,黄存震,男,180.0,2004-09-19,东1舍139
04007941,谢伟柔,女,146.13,2003-12-21,东2舍140
04007950,黄隆漾,男,175.0,2004-02-19,西1舍506
04007961,侯钰鹤,女,165.42,2004-07-15,东2舍634
04007970,马竹至,男,176.0,2004-06-29,西1舍502
04007980,赵雄存,男,169.0,2004-07-26,东2舍937
04007991,董霄超,女,167.91,2004-04-28,西1舍428
04008001,潘兰雯,女,147.9,2005-03-16,西1舍237
04008011,黎醉幽,女,160.83,2004-03-03,东2舍720
04008020,李泽伦,男,174.0,2004-09-08,西1舍314
04008031,庄霜正,女,155.44,2005-01-18,西1舍415
04008040,王雄骢,男,177.0,2004-04-23,东1舍410
04008050,王澔映,男,172.0,2004-07-31,西1舍125
04008060,张劻武,男,161.0,2004-01-30,东2舍529
04008071,桑莎洛,女,166.81,2004-03-27,西1舍414
04008081,李萍雪,女,168.38,2004-03-08,西2舍814
04008090,陈书帅,男,176.0,2004-10-29,西2舍637
04008100,刘睿敖,男,177.0,2004-07-06,东2舍909
04008110,李科劻,男,170.0,2004-03-05,西2舍113
04008120,陈至智,男,178.0,2004-08-28,西1舍316
04008130,王航棋,男,173.0,2004-04-13,东1舍337
04008141,刘冬彨,女,165.38,2005-03-05,西1舍507
04008150,郭亿拾,男,179.0,2004-06-13,东2舍636
04008160,崔军喆,男,178.0,2004-07-24,西2舍735
04008170,孙瑞劻,男,185.0,2004-05-11,西2舍110
04008180,马充纲,男,168.0,2004-03-13,东2舍104
04008191,王鸾华,女,159.11,2004-08-29,西1舍137
04008200,柳罡淼,男,167.0,2004-10-08,东2舍928
04008210,周远充,男,183.0,2004-06-16,西1舍328
04008221,龚嫣娟,女,154.0,2004-10-29,西2舍713
04008231,孟若童,女,164.08,2003-08-25,东2舍836
04008240,谢烨珑,男,157.0,2003-08-07,西2舍903
04008251,李籁松,女,163.39,2004-03-13,西2舍903
04008260,邵才冰,男,169.0,2004-09-01,东2舍911
04008271,张翠香,女,151.95,2004-04-28,西1舍402
04008280,郭存永,男,171.0,2003-12-27,西2舍109
04008291,李昊漫,女,160.3,2004-02-18,东1舍128
04008300,梁帝澈,男,172.0,2004-06-22,东2舍907
04008311,张红甜,女,161.94,2005-04-09,西1舍508
04008320,王玮彬,男,184.0,2004-05-25,东1舍501
04008330,朱韬合,男,175.0,2004-07-07,西2舍939
04008340,王合罡,男,178.0,2003-11-24,西1舍415
04008351,袁姣悠,女,168.78,2004-08-08,西1舍238
04008361,毛贞帆,女,165.65,2004-08-03,西1舍314
04008371,罗人岚,女,170.21,2004-07-06,东1舍439
04008381,胡瑗蒨,女,158.94,2004-05-09,西2舍910
04008390,张飒立,男,168.0,2005-06-07,东1舍224
04008400,刘川照,男,175.0,2004-08-14,西2舍703
04008410,王禛焘,男,179.0,2003-09-07,东2舍931
04008421,牛彤林,女,173.1,2003-11-26,东1舍212
04008430,邹志有,男,181.0,2004-04-20,东1舍206
04008441,李筠肖,女,153.52,2004-02-17,西2舍810
04008450,顾震越,男,162.0,2004-09-27,东1舍409
04008461,锺筠霞,女,167.19,2004-01-15,东1舍405
04008471,张淑鸥,女,154.49,2004-05-09,东1舍109
04008480,刘政克,男,164.0,2004-01-11,西1舍201
04008491,朱鹃颖,女,172.79,2004-03-28,西1舍311
04008501,黄薇涟,女,163.56,2004-07-15,西2舍828
04008510,张中浦,男,163.0,2004-04-12,东1舍227
04008520,蒲律昊,男,173.0,2004-06-28,西1舍138
04008530,周充蒙,男,174.0,2004-06-23,东2舍108
04008540,郭矾保,男,180.0,2004-01-12,东2舍107
04008550,李永韩,男,165.0,2004-10-13,东2舍102
04008561,张琴葵,女,167.53,2004-12-31,东2舍108
04008570,王意映,男,181.0,2004-03-04,东2舍610
04008580,胡博燏,男,171.0,2004-06-08,东2舍534
04008590,刁初曦,男,181.0,2004-02-02,西2舍101
04008600,朱驾桦,男,170.0,2004-08-01,西2舍825
04008611,梁希茗,女,164.89,2004-03-19,西1舍518
04008620,余澈东,男,179.0,2005-01-31,东1舍435
04008631,赵煜奕,女,165.26,2004-02-14,西2舍835
04008641,李银智,女,163.16,2004-01-30,西2舍822
04008651,包芝银,女,165.27,2004-08-07,西2舍536
04008660,朱溯掣,男,173.0,2004-04-08,西2舍627
04008671,关纨瑷,女,166.5,2004-12-14,东1舍435
04008681,张振源,女,152.54,2005-07-04,东1舍431
04008690,缪邦昴,男,170.0,2004-07-12,西1舍432
04008701,臧沛绿,女,165.35,2005-01-22,东1舍203
04008711,尹倩童,女,163.49,2004-03-31,西1舍507
04008721,华超卿,女,150.34,2004-11-30,西2舍601
04008731,孙佩翠,女,170.12,2003-05-30,西2舍731
04008741,黄育扬,女,162.64,2004-09-24,西1舍135
04008750,吉风映,男,169.0,2004-09-10,西2舍740
04008760,罗兴迅,男,185.0,2004-07-26,西1舍237
04008771,文迎纨,女,169.54,2004-05-13,西2舍936
04008781,罗彤灿,女,156.33,2004-04-15,西1舍138
04008790,蒙谦邦,男,169.0,2004-08-14,西2舍101
04008801,任晋秀,女,163.69,2004-01-24,西2舍826
04008810,丁马臻,男,176.0,2004-03-23,东2舍639
04008820,倪臻攸,男,171.0,2004-10-12,东2舍726
04008830,王霖曦,男,188.0,2004-03-28,西2舍731
04008841,梁宸芃,女,166.92,2004-03-03,东1舍407
04008850,李合茂,男,177.0,2005-04-14,东2舍919
04008861,赵青玲,女,163.75,2004-09-22,东1舍434
04008871,戴兔傲,女,154.18,2004-08-24,东1舍236
04008881,朱珊自,女,162.05,2004-11-28,东2舍639
04008890,陈靖励,男,169.0,2004-07-10,西2舍915
04008901,王蔚觅,女,158.6,2003-11-03,东1舍409
04008911,刘路芷,女,172.81,2004-03-12,西1舍417
04008920,傅旭河,男,174.0,2004-02-19,西2舍604
04008930,王柒翊,男,159.0,2004-09-30,西1舍207
04008940,吴鸿杉,男,168.0,2004-04-30,西1舍213
04008950,蒋示鹰,男,176.0,2003-09-10,西2舍628
04008961,傅宁洲,女,157.48,2004-05-24,西2舍802
04008970,王鸿臻,男,168.0,2004-02-19,东1舍337
04008980,赵丞言,男,172.0,2004-02-22,西1舍137
04008991,曹奕贞,女,168.74,2004-07-26,东1舍308
04009001,朱振艺,女,167.92,2004-03-31,东1舍220
04009010,顾贵坤,男,166.0,2004-04-25,东1舍338
04009021,姚皎颖,女,167.57,2004-07-02,东1舍401
04009030,田高志,男,178.0,2004-08-29,西1舍205
04009040,王清迅,男,165.0,2004-12-06,西1舍502
04009051,孙若爱,女,158.71,2004-11-14,东1舍140
04009061,张萍焓,女,160.05,2004-02-16,西1舍231
04009070,黄雄东,男,167.0,2004-10-17,西1舍428
04009080,邵鹰佳,男,165.0,2004-08-14,西1舍110
04009091,李凌冰,女,161.72,2004-06-29,西2舍929
04009101,贾艳可,女,157.8,2004-06-13,西1舍238
04009110,熊文烊,男,175.0,2003-11-27,东1舍333
04009120,胡敖钢,男,179.0,2004-01-13,东2舍728
04009130,王骢亭,男,178.0,2004-06-05,东1舍212
04009141,黄绿蝶,女,159.64,2004-06-15,东1舍301
04009151,赵双霄,女,158.78,2005-07-24,西2舍735
04009161,汤沛倚,女,169.71,2004-03-13,东2舍920
04009171,姬花堇,女,158.6,2004-09-12,西1舍508
04009181,黄若睿,女,163.84,2003-12-15,东1舍208
04009190,赵子铸,男,168.0,2004-08-24,东2舍111
04009200,刁昊睿,男,186.0,2004-02-14,东1舍224
04009210,杨冠和,男,173.0,2005-04-25,东1舍101
04009221,高诗奇,女,164.79,2004-05-04,西2舍624
04009230,杨殿旲,男,176.0,2004-06-30,东1舍427
04009240,管清诤,男,169.0,2004-06-27,西1舍207
04009250,林嘉之,男,179.0,2004-09-15,东2舍607
04009261,刘芃巧,女,157.97,2005-04-23,西1舍115
04009270,杨颜雄,男,174.0,2004-02-05,西1舍315
04009280,赖漾臣,男,171.0,2003-12-16,西1舍134
04009291,刘惜煜,女,155.78,2005-02-18,西1舍119
04009300,王庆玫,男,161.0,2003-12-23,西2舍628
04009310,胡友达,男,178.0,2004-09-15,西2舍905
04009320,张浩珺,男,175.0,2004-04-09,东2舍809
04009331,范梨菊,女,167.08,2004-05-09,东2舍930
04009341,徐瑛听,女,157.36,2003-07-03,东1舍301
04009350,李飒逸,男,175.0,2003-12-27,东2舍821
04009361,沈佑谷,女,158.84,2004-09-27,东1舍107
04009371,龙芥傲,女,156.63,2004-07-05,西1舍432
04009380,李旖康,男,167.0,2004-12-28,西2舍704
04009391,牛冬秀,女,168.78,2004-12-27,东1舍114
04009400,张韦聚,男,150.0,2004-03-21,东2舍534
04009411,朱优辰,女,160.6,2004-07-11,西1舍319
04009421,易萁花,女,173.52,2004-03-06,西1舍116
04009431,任珊初,女,163.98,2004-10-02,东1舍416
04009440,徐子襦,男,173.0,2004-07-25,东1舍224
04009451,文忆晨,女,164.59,2004-05-02,东1舍136
04009461,叶琶嘉,女,162.99,2004-05-08,西2舍921
04009470,刘东驾,男,176.0,2004-08-20,东2舍816
04009481,张晗萱,女,169.17,2004-07-31,东1舍308
04009490,黄宇含,男,171.0,2003-09-23,西1舍340
04009501,张帆帆,女,174.53,2004-01-02,西2舍802
04009511,谢华莺,女,176.33,2004-02-06,东1舍225
04009520,郑航频,男,182.0,2005-05-23,西1舍238
04009530,吴宝浪,男,171.0,2004-07-07,东2舍922
04009540,林燏辉,男,162.0,2003-08-20,东1舍403
04009551,何媛纨,女,169.0,2005-04-05,东2舍728
04009560,王尧晞,男,172.0,2004-03-30,东2舍815
04009571,孙筠葵,女,156.66,2004-08-04,西1舍113
04009580,许葆颔,男,181.0,2004-10-14,东2舍809
04009590,张科轩,男,165.0,2004-05-07,西1舍414
04009601,安惠听,女,152.98,2004-05-29,西1舍325
04009610,吕兴鸿,男,185.0,2004-05-03,西2舍738
04009621,王柔冉,女,164.42,2004-12-08,东1舍430
04009630,孙光俊,男,160.0,2004-04-20,东2舍930
04009641,杨煜丹,女,163.32,2004-06-02,西2舍620
04009651,张寻榆,女,152.53,2005-06-21,东2舍830
04009661,陈素澜,女,153.17,2004-06-17,西2舍702
04009671,陆淑枫,女,162.39,2004-07-30,东2舍806
04009681,李珍瑛,女,170.13,2004-10-15,东1舍118
04009690,黄昴雄,男,178.0,2003-11-09,西1舍310
04009701,徐芬枫,女,162.13,2004-07-09,西1舍204
04009711,李连卿,女,162.93,2004-08-20,西2舍613
04009721,李泽群,女,158.21,2004-06-20,西1舍205
04009731,杨优木,女,154.58,2004-05-06,西1舍228
04009740,占意苗,男,166.0,2005-08-06,东2舍623
04009750,戴影恬,男,162.0,2004-02-16,东2舍932
04009761,任煜怡,女,164.49,2003-06-24,西1舍312
04009771,温驰霞,女,156.66,2004-07-14,西2舍835
04009780,李畅善,男,173.0,2005-02-14,西1舍504
04009790,成钧俊,男,180.0,2004-05-04,西2舍903
04009801,张萱馥,女,163.79,2004-08-14,西1舍328
04009810,隋致锐,男,180.0,2004-09-16,西2舍540
04009821,唐堇蕾,女,175.01,2004-04-21,西1舍506
04009830,马宝掣,男,180.0,2003-09-04,西2舍532
04009841,沈惠昕,女,158.77,2004-07-20,东1舍336
04009850,冯冰兴,男,178.0,2003-10-09,西1舍233
04009861,李依荷,女,162.6,2004-09-02,西1舍440
04009870,王凰李,男,174.0,2003-10-16,西1舍108
04009880,杨博康,男,170.0,2003-05-29,东2舍816
04009890,黄卓冰,男,161.0,2004-09-01,西2舍609
04009901,谢璟儿,女,162.57,2003-10-20,西1舍402
04009911,潘萱秋,女,170.99,2004-08-27,西1舍340
04009920,高凌溪,男,172.0,2004-07-09,东2舍635
04009931,董君光,女,160.05,2004-04-18,东2舍105
04009941,余卓菡,女,159.8,2004-11-01,东2舍919
04009951,李万涟,女,157.51,2004-03-21,东2舍839
04009960,张义频,男,180.0,2004-02-07,西1舍330
04009971,汪怡觅,女,158.61,2005-05-23,东2舍930
04009980,罗腾亨,男,166.0,2004-12-16,西1舍213
04009990,潘昶杭,男,180.0,2005-01-25,西2舍620
